{
  "error_reproyeccion": 0.521,
  "matriz_camara_izq": [
    [
      1084.2,
      0.0,
      312.5
    ],
    [
      0.0,
      1086.1,
      241.8
    ],
    [
      0.0,
      0.0,
      1.0
    ]
  ],
  "matriz_camara_der": [
    [
      1081.7,
      0.0,
      318.2
    ],
    [
      0.0,
      1083.4,
      239.1
    ],
    [
      0.0,
      0.0,
      1.0
    ]
  ],
  "distorsion_izq": [
    [
      -0.142856,
      0.021745,
      -0.001347,
      0.000891,
      0.000234
    ]
  ],
  "distorsion_der": [
    [
      -0.138234,
      0.019876,
      -0.001523,
      0.000712,
      0.000345
    ]
  ],
  "matriz_rotacion": [
    [
      0.998756,
      -0.036234,
      0.003456
    ],
    [
      0.036198,
      0.998721,
      0.003234
    ],
    [
      -0.003567,
      -0.003123,
      0.999988
    ]
  ],
  "vector_traslacion": [
    [
      0.0634
    ],
    [
      -0.0021
    ],
    [
      0.0018
    ]
  ],
  "matriz_esencial": [
    [
      0.000234,
      -0.0018,
      -0.0021
    ],
    [
      0.0018,
      0.000156,
      -0.0634
    ],
    [
      0.0021,
      0.0634,
      0.000178
    ]
  ],
  "matriz_fundamental": [
    [
      2.156e-07,
      -1.658e-06,
      -0.001934
    ],
    [
      1.658e-06,
      1.434e-07,
      -0.5823
    ],
    [
      0.001934,
      0.5823,
      0.0001634
    ]
  ],
  "baseline_mm": 63.4,
  "imagenes_usadas": 10
}