{
  "matriz_camara": [
    [
      1084.2,
      0.0,
      312.5
    ],
    [
      0.0,
      1086.1,
      241.8
    ],
    [
      0.0,
      0.0,
      1.0
    ]
  ],
  "coeficientes_distorsion": [
    [
      -0.142856,
      0.021745,
      -0.001347,
      0.000891,
      0.000234
    ]
  ],
  "error_reproyeccion": 0.387,
  "tama\u00f1o_imagen": [
    640,
    480
  ],
  "patron_usado": [
    9,
    6
  ],
  "imagenes_usadas": 13
}